city,forecast_month,predicted_temp,weather_condition
Mumbai,1,27.893499999999985,Pleasant
Delhi,1,20.608000000000008,Pleasant
Bengaluru,1,24.015999999999995,Pleasant
Ahmedabad,1,25.00691666666667,Pleasant
Hyderabad,1,24.080666666666666,Pleasant
Chennai,1,25.734000000000005,Pleasant
Kolkata,1,22.713999999999984,Pleasant
Pune,1,23.008999999999983,Pleasant
Jaipur,1,20.937999999999988,Pleasant
Surat,1,26.196333333333325,Pleasant
Lucknow,1,19.598,Cold
Kanpur,1,19.88899999999999,Cold
Nagpur,1,23.302,Pleasant
Patna,1,18.924,Cold
Indore,1,21.724999999999994,Pleasant
Thane,1,27.893499999999985,Pleasant
Bhopal,1,20.90499999999999,Pleasant
Visakhapatnam,1,25.182499999999994,Pleasant
Vadodara,1,25.266000000000012,Pleasant
Firozabad,1,19.375999999999998,Cold
Ludhiana,1,19.243,Cold
Rajkot,1,25.529833333333343,Pleasant
Agra,1,19.375999999999998,Cold
Siliguri,1,21.195,Pleasant
Nashik,1,23.327000000000012,Pleasant
Faridabad,1,20.608000000000008,Pleasant
Patiala,1,18.49599999999999,Cold
Meerut,1,19.037,Cold
Kalyan-Dombivli,1,27.893499999999985,Pleasant
Vasai-Virar,1,27.893499999999985,Pleasant
Varanasi,1,19.447000000000003,Cold
Srinagar,1,8.940000000000001,Cold
Dhanbad,1,22.878999999999976,Pleasant
Jodhpur,1,23.120999999999984,Pleasant
Amritsar,1,18.729999999999997,Cold
Raipur,1,21.245999999999995,Pleasant
Allahabad,1,19.711999999999986,Cold
Coimbatore,1,25.54500000000001,Pleasant
Jabalpur,1,20.517,Pleasant
Gwalior,1,19.739999999999988,Cold
Vijayawada,1,25.3145,Pleasant
Madurai,1,25.966750000000005,Pleasant
Guwahati,1,22.395599999999995,Pleasant
Chandigarh,1,15.254999999999987,Cold
Amroha,1,19.463,Cold
Moradabad,1,19.481,Cold
Gurgaon,1,19.597000000000005,Cold
Aligarh,1,19.498,Cold
Solapur,1,25.536666666666665,Pleasant
Ranchi,1,19.585,Cold
Jalandhar,1,19.237,Cold
Tiruchirappalli,1,27.378000000000007,Pleasant
Bhubaneswar,1,23.826999999999995,Pleasant
Salem,1,25.932999999999996,Pleasant
Warangal,1,24.681749999999987,Pleasant
Thiruvananthapuram,1,28.816000000000013,Sunny
Bhiwandi,1,27.893499999999985,Pleasant
Saharanpur,1,18.578,Cold
Guntur,1,25.40499999999999,Pleasant
Amravati,1,23.51900000000001,Pleasant
Bikaner,1,22.810999999999982,Pleasant
Noida,1,20.608000000000008,Pleasant
Jamshedpur,1,21.27299999999999,Pleasant
Bhilai,1,22.932999999999982,Pleasant
Cuttack,1,23.265999999999995,Pleasant
Firozpur,1,18.589999999999996,Cold
Kochi,1,27.345000000000006,Pleasant
Nellore,1,24.993800000000007,Pleasant
Bhavnagar,1,25.266,Pleasant
Dehradun,1,18.087999999999994,Cold
Durgapur,1,21.348999999999993,Pleasant
Asansol,1,22.87499999999998,Pleasant
Rourkela,1,21.378999999999987,Pleasant
Nanded,1,22.107000000000003,Pleasant
Kolhapur,1,23.689999999999994,Pleasant
Ajmer,1,21.449999999999996,Pleasant
Akola,1,22.947999999999997,Pleasant
Gulbarga,1,24.697666666666656,Pleasant
Jamnagar,1,24.250999999999987,Pleasant
Ujjain,1,21.13799999999999,Pleasant
Loni,1,23.51900000000001,Pleasant
Jhansi,1,20.552999999999994,Pleasant
Pondicherry,1,25.351333333333347,Pleasant
Nellore,1,24.993800000000007,Pleasant
Jammu,1,18.35399999999999,Cold
Belgaum,1,24.456333333333326,Pleasant
Mangalore,1,27.86100000000001,Pleasant
Tirunelveli,1,25.490750000000016,Pleasant
Malegaon,1,23.056999999999988,Pleasant
Gaya,1,19.260000000000005,Cold
Jalgaon,1,23.397,Pleasant
Udaipur,1,21.353999999999996,Pleasant
Maheshtala,1,22.847999999999985,Pleasant
Tiruppur,1,20.810999999999982,Pleasant
Davanagere,1,25.054499999999997,Pleasant
Kozhikode,1,29.208,Sunny
Akola,1,22.947999999999997,Pleasant
Shimla,1,16.215999999999994,Cold
Mumbai,2,27.90066666666665,Pleasant
Delhi,2,20.629000000000005,Pleasant
Bengaluru,2,24.237999999999996,Pleasant
Ahmedabad,2,26.3745,Pleasant
Hyderabad,2,25.519000000000016,Pleasant
Chennai,2,27.160999999999987,Pleasant
Kolkata,2,23.064999999999994,Pleasant
Pune,2,23.743,Pleasant
Jaipur,2,22.79300000000001,Pleasant
Surat,2,27.290000000000006,Pleasant
Lucknow,2,19.709,Cold
Kanpur,2,20.368,Pleasant
Nagpur,2,24.828999999999994,Pleasant
Patna,2,19.155,Cold
Indore,2,22.849000000000004,Pleasant
Thane,2,27.90066666666665,Pleasant
Bhopal,2,21.999000000000006,Pleasant
Visakhapatnam,2,27.19799999999998,Pleasant
Vadodara,2,26.34399999999999,Pleasant
Firozabad,2,19.436999999999998,Cold
Ludhiana,2,19.303,Cold
Rajkot,2,26.648000000000007,Pleasant
Agra,2,19.436999999999998,Cold
Siliguri,2,22.89999999999999,Pleasant
Nashik,2,24.76599999999999,Pleasant
Faridabad,2,20.629000000000005,Pleasant
Patiala,2,18.415999999999986,Cold
Meerut,2,19.014,Cold
Kalyan-Dombivli,2,27.90066666666665,Pleasant
Vasai-Virar,2,27.90066666666665,Pleasant
Varanasi,2,19.686000000000007,Cold
Srinagar,2,9.949000000000002,Cold
Dhanbad,2,23.979999999999976,Pleasant
Jodhpur,2,24.614999999999995,Pleasant
Amritsar,2,18.665999999999997,Cold
Raipur,2,22.723999999999993,Pleasant
Allahabad,2,20.234999999999996,Pleasant
Coimbatore,2,27.25516666666666,Pleasant
Jabalpur,2,21.182000000000002,Pleasant
Gwalior,2,20.189999999999994,Pleasant
Vijayawada,2,27.340999999999994,Pleasant
Madurai,2,28.663666666666664,Sunny
Guwahati,2,23.216000000000005,Pleasant
Chandigarh,2,15.299999999999988,Cold
Amroha,2,19.589000000000006,Cold
Moradabad,2,19.607000000000006,Cold
Gurgaon,2,19.668000000000003,Cold
Aligarh,2,19.555000000000003,Cold
Solapur,2,26.389999999999997,Pleasant
Ranchi,2,19.64,Cold
Jalandhar,2,19.296999999999997,Cold
Tiruchirappalli,2,29.056000000000008,Sunny
Bhubaneswar,2,24.884999999999987,Pleasant
Salem,2,27.999499999999994,Pleasant
Warangal,2,25.668000000000003,Pleasant
Thiruvananthapuram,2,29.447000000000006,Sunny
Bhiwandi,2,27.90066666666665,Pleasant
Saharanpur,2,18.506,Cold
Guntur,2,27.468999999999987,Pleasant
Amravati,2,24.873999999999995,Pleasant
Bikaner,2,23.88799999999997,Pleasant
Noida,2,20.629000000000005,Pleasant
Jamshedpur,2,22.669,Pleasant
Bhilai,2,23.692999999999984,Pleasant
Cuttack,2,23.468999999999998,Pleasant
Firozpur,2,18.508999999999993,Cold
Kochi,2,29.359666666666673,Sunny
Nellore,2,26.89726666666666,Pleasant
Bhavnagar,2,26.93399999999999,Pleasant
Dehradun,2,18.039999999999992,Cold
Durgapur,2,22.923999999999996,Pleasant
Asansol,2,23.974999999999977,Pleasant
Rourkela,2,22.761,Pleasant
Nanded,2,23.493999999999993,Pleasant
Kolhapur,2,24.976999999999997,Pleasant
Ajmer,2,23.170000000000005,Pleasant
Akola,2,23.988999999999972,Pleasant
Gulbarga,2,25.98199999999999,Pleasant
Jamnagar,2,25.820999999999998,Pleasant
Ujjain,2,22.621,Pleasant
Loni,2,24.873999999999995,Pleasant
Jhansi,2,21.215,Pleasant
Pondicherry,2,27.271999999999995,Pleasant
Nellore,2,26.89726666666666,Pleasant
Jammu,2,18.325999999999986,Cold
Belgaum,2,25.045999999999996,Pleasant
Mangalore,2,29.325799999999994,Sunny
Tirunelveli,2,27.266499999999997,Pleasant
Malegaon,2,23.613999999999987,Pleasant
Gaya,2,19.330000000000002,Cold
Jalgaon,2,24.849999999999994,Pleasant
Udaipur,2,23.18700000000001,Pleasant
Maheshtala,2,23.043999999999997,Pleasant
Tiruppur,2,21.911999999999992,Pleasant
Davanagere,2,27.291000000000004,Pleasant
Kozhikode,2,29.48,Sunny
Akola,2,23.988999999999972,Pleasant
Shimla,2,16.171999999999993,Cold
Mumbai,3,28.801666666666648,Sunny
Delhi,3,20.312,Pleasant
Bengaluru,3,24.227999999999998,Pleasant
Ahmedabad,3,26.847499999999997,Pleasant
Hyderabad,3,25.562000000000012,Pleasant
Chennai,3,27.309999999999988,Pleasant
Kolkata,3,23.052,Pleasant
Pune,3,23.717999999999996,Pleasant
Jaipur,3,22.79300000000001,Pleasant
Surat,3,28.420000000000012,Sunny
Lucknow,3,19.396999999999995,Cold
Kanpur,3,20.103999999999996,Pleasant
Nagpur,3,24.834999999999994,Pleasant
Patna,3,19.003,Cold
Indore,3,22.859,Pleasant
Thane,3,28.801666666666648,Sunny
Bhopal,3,21.999000000000006,Pleasant
Visakhapatnam,3,27.372999999999983,Pleasant
Vadodara,3,26.734999999999992,Pleasant
Firozabad,3,19.127999999999993,Cold
Ludhiana,3,19.119,Cold
Rajkot,3,27.10600000000001,Pleasant
Agra,3,19.127999999999993,Cold
Siliguri,3,22.89999999999999,Pleasant
Nashik,3,24.77099999999999,Pleasant
Faridabad,3,20.312,Pleasant
Patiala,3,18.35299999999999,Cold
Meerut,3,18.893,Cold
Kalyan-Dombivli,3,28.801666666666648,Sunny
Vasai-Virar,3,28.801666666666648,Sunny
Varanasi,3,19.375000000000004,Cold
Srinagar,3,9.949000000000002,Cold
Dhanbad,3,23.95199999999998,Pleasant
Jodhpur,3,24.606999999999992,Pleasant
Amritsar,3,18.564999999999998,Cold
Raipur,3,22.72499999999999,Pleasant
Allahabad,3,20.016999999999992,Pleasant
Coimbatore,3,27.586666666666666,Pleasant
Jabalpur,3,21.118000000000002,Pleasant
Gwalior,3,19.918999999999993,Cold
Vijayawada,3,27.542999999999996,Pleasant
Madurai,3,29.02466666666666,Sunny
Guwahati,3,23.195000000000004,Pleasant
Chandigarh,3,15.299999999999988,Cold
Amroha,3,19.268,Cold
Moradabad,3,19.285999999999998,Cold
Gurgaon,3,19.375999999999998,Cold
Aligarh,3,19.24,Cold
Solapur,3,27.895000000000017,Pleasant
Ranchi,3,19.373,Cold
Jalandhar,3,19.102999999999998,Cold
Tiruchirappalli,3,30.353000000000016,Sunny
Bhubaneswar,3,24.867999999999984,Pleasant
Salem,3,28.389499999999995,Sunny
Warangal,3,25.748000000000005,Pleasant
Thiruvananthapuram,3,30.073999999999998,Sunny
Bhiwandi,3,28.801666666666648,Sunny
Saharanpur,3,18.424,Cold
Guntur,3,27.64099999999999,Pleasant
Amravati,3,24.853999999999996,Pleasant
Bikaner,3,23.864999999999966,Pleasant
Noida,3,20.312,Pleasant
Jamshedpur,3,22.67,Pleasant
Bhilai,3,23.664999999999985,Pleasant
Cuttack,3,23.455999999999996,Pleasant
Firozpur,3,18.445999999999998,Cold
Kochi,3,30.630666666666666,Sunny
Nellore,3,27.028766666666662,Pleasant
Bhavnagar,3,27.113999999999997,Pleasant
Dehradun,3,17.962999999999994,Cold
Durgapur,3,22.924999999999997,Pleasant
Asansol,3,23.94699999999998,Pleasant
Rourkela,3,22.761999999999997,Pleasant
Nanded,3,23.477999999999987,Pleasant
Kolhapur,3,24.979999999999997,Pleasant
Ajmer,3,23.174000000000007,Pleasant
Akola,3,23.96099999999997,Pleasant
Gulbarga,3,26.04499999999999,Pleasant
Jamnagar,3,25.877000000000002,Pleasant
Ujjain,3,22.621,Pleasant
Loni,3,24.853999999999996,Pleasant
Jhansi,3,21.061999999999998,Pleasant
Pondicherry,3,27.34999999999999,Pleasant
Nellore,3,27.028766666666662,Pleasant
Jammu,3,18.235999999999986,Cold
Belgaum,3,25.05399999999999,Pleasant
Mangalore,3,30.188999999999986,Sunny
Tirunelveli,3,27.340500000000002,Pleasant
Malegaon,3,23.588999999999988,Pleasant
Gaya,3,19.066999999999997,Cold
Jalgaon,3,24.858999999999995,Pleasant
Udaipur,3,23.19100000000001,Pleasant
Maheshtala,3,23.031,Pleasant
Tiruppur,3,21.904999999999994,Pleasant
Davanagere,3,27.574,Pleasant
Kozhikode,3,30.199000000000005,Sunny
Akola,3,23.96099999999997,Pleasant
Shimla,3,16.16099999999999,Cold
Mumbai,4,27.869666666666653,Pleasant
Delhi,4,20.395999999999997,Pleasant
Bengaluru,4,23.403,Pleasant
Ahmedabad,4,26.37149999999999,Pleasant
Hyderabad,4,24.96300000000002,Pleasant
Chennai,4,25.991999999999994,Pleasant
Kolkata,4,22.191999999999997,Pleasant
Pune,4,23.138000000000005,Pleasant
Jaipur,4,22.397000000000006,Pleasant
Surat,4,27.353000000000012,Pleasant
Lucknow,4,19.583999999999993,Cold
Kanpur,4,20.391999999999992,Pleasant
Nagpur,4,23.76099999999999,Pleasant
Patna,4,19.098,Cold
Indore,4,22.447000000000003,Pleasant
Thane,4,27.869666666666653,Pleasant
Bhopal,4,21.807999999999996,Pleasant
Visakhapatnam,4,25.863999999999987,Pleasant
Vadodara,4,26.13499999999999,Pleasant
Firozabad,4,19.360999999999994,Cold
Ludhiana,4,19.209,Cold
Rajkot,4,26.397000000000006,Pleasant
Agra,4,19.360999999999994,Cold
Siliguri,4,22.154999999999994,Pleasant
Nashik,4,23.721999999999998,Pleasant
Faridabad,4,20.395999999999997,Pleasant
Patiala,4,18.35799999999999,Cold
Meerut,4,18.913,Cold
Kalyan-Dombivli,4,27.869666666666653,Pleasant
Vasai-Virar,4,27.869666666666653,Pleasant
Varanasi,4,19.514,Cold
Srinagar,4,9.949000000000002,Cold
Dhanbad,4,23.22599999999999,Pleasant
Jodhpur,4,23.858999999999995,Pleasant
Amritsar,4,18.573999999999998,Cold
Raipur,4,22.271999999999995,Pleasant
Allahabad,4,20.24399999999999,Pleasant
Coimbatore,4,25.82566666666668,Pleasant
Jabalpur,4,21.37,Pleasant
Gwalior,4,20.236999999999988,Pleasant
Vijayawada,4,25.73300000000001,Pleasant
Madurai,4,27.40666666666666,Pleasant
Guwahati,4,22.122000000000003,Pleasant
Chandigarh,4,15.299999999999988,Cold
Amroha,4,19.439999999999998,Cold
Moradabad,4,19.458,Cold
Gurgaon,4,19.570999999999998,Cold
Aligarh,4,19.374,Cold
Solapur,4,26.970000000000017,Pleasant
Ranchi,4,19.634,Cold
Jalandhar,4,19.192999999999998,Cold
Tiruchirappalli,4,28.997000000000018,Sunny
Bhubaneswar,4,23.815999999999995,Pleasant
Salem,4,26.614500000000007,Pleasant
Warangal,4,24.994000000000014,Pleasant
Thiruvananthapuram,4,28.881999999999998,Sunny
Bhiwandi,4,27.869666666666653,Pleasant
Saharanpur,4,18.436,Cold
Guntur,4,25.979999999999997,Pleasant
Amravati,4,23.785999999999994,Pleasant
Bikaner,4,23.216999999999985,Pleasant
Noida,4,20.395999999999997,Pleasant
Jamshedpur,4,22.16,Pleasant
Bhilai,4,23.03099999999999,Pleasant
Cuttack,4,22.558999999999997,Pleasant
Firozpur,4,18.445999999999998,Cold
Kochi,4,29.140666666666664,Sunny
Nellore,4,25.45466666666666,Pleasant
Bhavnagar,4,25.994,Pleasant
Dehradun,4,17.979999999999993,Cold
Durgapur,4,22.238999999999997,Pleasant
Asansol,4,23.22099999999999,Pleasant
Rourkela,4,22.238000000000003,Pleasant
Nanded,4,22.849999999999994,Pleasant
Kolhapur,4,23.886,Pleasant
Ajmer,4,22.344,Pleasant
Akola,4,23.231999999999985,Pleasant
Gulbarga,4,25.377,Pleasant
Jamnagar,4,25.056000000000008,Pleasant
Ujjain,4,22.218000000000004,Pleasant
Loni,4,23.785999999999994,Pleasant
Jhansi,4,20.942999999999994,Pleasant
Pondicherry,4,25.631000000000004,Pleasant
Nellore,4,25.45466666666666,Pleasant
Jammu,4,18.235999999999986,Cold
Belgaum,4,24.026,Pleasant
Mangalore,4,28.892999999999986,Sunny
Tirunelveli,4,25.85950000000001,Pleasant
Malegaon,4,22.903999999999996,Pleasant
Gaya,4,19.201,Cold
Jalgaon,4,23.951,Pleasant
Udaipur,4,22.471000000000014,Pleasant
Maheshtala,4,22.170999999999996,Pleasant
Tiruppur,4,21.49299999999999,Pleasant
Davanagere,4,26.54,Pleasant
Kozhikode,4,29.055,Sunny
Akola,4,23.231999999999985,Pleasant
Shimla,4,16.16099999999999,Cold
Mumbai,5,26.789666666666665,Pleasant
Delhi,5,20.445999999999998,Pleasant
Bengaluru,5,23.371,Pleasant
Ahmedabad,5,24.15249999999999,Pleasant
Hyderabad,5,24.909000000000013,Pleasant
Chennai,5,24.556999999999995,Pleasant
Kolkata,5,22.104,Pleasant
Pune,5,23.135000000000005,Pleasant
Jaipur,5,22.257000000000012,Pleasant
Surat,5,26.457000000000015,Pleasant
Lucknow,5,19.621999999999993,Cold
Kanpur,5,20.42599999999999,Pleasant
Nagpur,5,23.79999999999999,Pleasant
Patna,5,19.136,Cold
Indore,5,22.465,Pleasant
Thane,5,26.789666666666665,Pleasant
Bhopal,5,21.757,Pleasant
Visakhapatnam,5,24.321999999999985,Pleasant
Vadodara,5,25.06899999999999,Pleasant
Firozabad,5,19.385999999999992,Cold
Ludhiana,5,19.233999999999998,Cold
Rajkot,5,25.174000000000007,Pleasant
Agra,5,19.385999999999992,Cold
Siliguri,5,22.062,Pleasant
Nashik,5,23.730999999999998,Pleasant
Faridabad,5,20.445999999999998,Pleasant
Patiala,5,18.35799999999999,Cold
Meerut,5,18.913,Cold
Kalyan-Dombivli,5,26.789666666666665,Pleasant
Vasai-Virar,5,26.789666666666665,Pleasant
Varanasi,5,19.567999999999998,Cold
Srinagar,5,9.949000000000002,Cold
Dhanbad,5,23.213999999999988,Pleasant
Jodhpur,5,23.897999999999996,Pleasant
Amritsar,5,18.573999999999998,Cold
Raipur,5,22.065000000000005,Pleasant
Allahabad,5,20.309999999999988,Pleasant
Coimbatore,5,24.059,Pleasant
Jabalpur,5,21.308000000000003,Pleasant
Gwalior,5,20.291999999999984,Pleasant
Vijayawada,5,24.044000000000004,Pleasant
Madurai,5,24.823999999999977,Pleasant
Guwahati,5,22.01400000000001,Pleasant
Chandigarh,5,15.299999999999988,Cold
Amroha,5,19.464999999999996,Cold
Moradabad,5,19.482999999999997,Cold
Gurgaon,5,19.570999999999998,Cold
Aligarh,5,19.398999999999997,Cold
Solapur,5,25.635000000000023,Pleasant
Ranchi,5,19.663,Cold
Jalandhar,5,19.217999999999996,Cold
Tiruchirappalli,5,26.841000000000005,Pleasant
Bhubaneswar,5,23.854999999999997,Pleasant
Salem,5,24.861499999999996,Pleasant
Warangal,5,24.91100000000001,Pleasant
Thiruvananthapuram,5,27.292,Pleasant
Bhiwandi,5,26.789666666666665,Pleasant
Saharanpur,5,18.436,Cold
Guntur,5,24.214999999999996,Pleasant
Amravati,5,23.824999999999992,Pleasant
Bikaner,5,23.214999999999982,Pleasant
Noida,5,20.445999999999998,Pleasant
Jamshedpur,5,22.02000000000001,Pleasant
Bhilai,5,23.004999999999985,Pleasant
Cuttack,5,22.267000000000003,Pleasant
Firozpur,5,18.445999999999998,Cold
Kochi,5,27.056000000000004,Pleasant
Nellore,5,23.67166666666666,Pleasant
Bhavnagar,5,24.789999999999996,Pleasant
Dehradun,5,17.979999999999993,Cold
Durgapur,5,22.107000000000006,Pleasant
Asansol,5,23.20899999999999,Pleasant
Rourkela,5,22.03900000000001,Pleasant
Nanded,5,22.836999999999993,Pleasant
Kolhapur,5,23.924999999999997,Pleasant
Ajmer,5,22.128000000000007,Pleasant
Akola,5,23.21999999999998,Pleasant
Gulbarga,5,25.346999999999998,Pleasant
Jamnagar,5,24.988000000000007,Pleasant
Ujjain,5,22.096000000000014,Pleasant
Loni,5,23.824999999999992,Pleasant
Jhansi,5,21.05399999999999,Pleasant
Pondicherry,5,23.888,Pleasant
Nellore,5,23.67166666666666,Pleasant
Jammu,5,18.235999999999986,Cold
Belgaum,5,24.013999999999996,Pleasant
Mangalore,5,26.605000000000015,Pleasant
Tirunelveli,5,24.12850000000001,Pleasant
Malegaon,5,22.877999999999993,Pleasant
Gaya,5,19.226,Cold
Jalgaon,5,23.989999999999995,Pleasant
Udaipur,5,22.316000000000017,Pleasant
Maheshtala,5,22.083000000000006,Pleasant
Tiruppur,5,21.372,Pleasant
Davanagere,5,25.012999999999987,Pleasant
Kozhikode,5,27.391000000000005,Pleasant
Akola,5,23.21999999999998,Pleasant
Shimla,5,16.16099999999999,Cold
Mumbai,6,26.56966666666667,Pleasant
Delhi,6,20.483999999999995,Pleasant
Bengaluru,6,23.45,Pleasant
Ahmedabad,6,24.00699999999999,Pleasant
Hyderabad,6,24.972000000000016,Pleasant
Chennai,6,24.53,Pleasant
Kolkata,6,22.19,Pleasant
Pune,6,23.219000000000005,Pleasant
Jaipur,6,22.342000000000013,Pleasant
Surat,6,26.281000000000013,Pleasant
Lucknow,6,19.659999999999993,Cold
Kanpur,6,20.463999999999988,Pleasant
Nagpur,6,23.87899999999999,Pleasant
Patna,6,19.174,Cold
Indore,6,22.541000000000004,Pleasant
Thane,6,26.56966666666667,Pleasant
Bhopal,6,21.843000000000004,Pleasant
Visakhapatnam,6,24.238999999999987,Pleasant
Vadodara,6,24.923999999999992,Pleasant
Firozabad,6,19.423999999999992,Cold
Ludhiana,6,19.233999999999998,Cold
Rajkot,6,24.966000000000005,Pleasant
Agra,6,19.423999999999992,Cold
Siliguri,6,22.148000000000003,Pleasant
Nashik,6,23.81,Pleasant
Faridabad,6,20.483999999999995,Pleasant
Patiala,6,18.35799999999999,Cold
Meerut,6,18.913,Cold
Kalyan-Dombivli,6,26.56966666666667,Pleasant
Vasai-Virar,6,26.56966666666667,Pleasant
Varanasi,6,19.605999999999998,Cold
Srinagar,6,9.949000000000002,Cold
Dhanbad,6,23.289999999999985,Pleasant
Jodhpur,6,23.963999999999995,Pleasant
Amritsar,6,18.573999999999998,Cold
Raipur,6,22.15,Pleasant
Allahabad,6,20.347999999999985,Pleasant
Coimbatore,6,23.860000000000003,Pleasant
Jabalpur,6,21.384,Pleasant
Gwalior,6,20.329999999999984,Pleasant
Vijayawada,6,23.927000000000017,Pleasant
Madurai,6,24.716999999999985,Pleasant
Guwahati,6,22.09900000000001,Pleasant
Chandigarh,6,15.299999999999988,Cold
Amroha,6,19.502999999999997,Cold
Moradabad,6,19.520999999999997,Cold
Gurgaon,6,19.608999999999998,Cold
Aligarh,6,19.398999999999997,Cold
Solapur,6,25.422000000000022,Pleasant
Ranchi,6,19.701,Cold
Jalandhar,6,19.217999999999996,Cold
Tiruchirappalli,6,26.497000000000003,Pleasant
Bhubaneswar,6,23.93399999999999,Pleasant
Salem,6,24.6355,Pleasant
Warangal,6,24.966000000000008,Pleasant
Thiruvananthapuram,6,27.159000000000002,Pleasant
Bhiwandi,6,26.56966666666667,Pleasant
Saharanpur,6,18.436,Cold
Guntur,6,24.160000000000004,Pleasant
Amravati,6,23.903999999999993,Pleasant
Bikaner,6,23.290999999999983,Pleasant
Noida,6,20.483999999999995,Pleasant
Jamshedpur,6,22.105000000000008,Pleasant
Bhilai,6,23.08099999999999,Pleasant
Cuttack,6,22.352000000000004,Pleasant
Firozpur,6,18.445999999999998,Cold
Kochi,6,26.818,Pleasant
Nellore,6,23.634,Pleasant
Bhavnagar,6,24.655999999999995,Pleasant
Dehradun,6,17.979999999999993,Cold
Durgapur,6,22.193000000000005,Pleasant
Asansol,6,23.284999999999986,Pleasant
Rourkela,6,22.124000000000006,Pleasant
Nanded,6,22.912999999999993,Pleasant
Kolhapur,6,24.003999999999998,Pleasant
Ajmer,6,22.213000000000008,Pleasant
Akola,6,23.29599999999998,Pleasant
Gulbarga,6,25.399999999999995,Pleasant
Jamnagar,6,25.043000000000006,Pleasant
Ujjain,6,22.181000000000008,Pleasant
Loni,6,23.903999999999993,Pleasant
Jhansi,6,21.091999999999995,Pleasant
Pondicherry,6,23.766000000000012,Pleasant
Nellore,6,23.634,Pleasant
Jammu,6,18.235999999999986,Cold
Belgaum,6,24.092999999999996,Pleasant
Mangalore,6,26.357000000000014,Pleasant
Tirunelveli,6,24.002000000000013,Pleasant
Malegaon,6,22.953999999999994,Pleasant
Gaya,6,19.226,Cold
Jalgaon,6,24.059,Pleasant
Udaipur,6,22.401000000000018,Pleasant
Maheshtala,6,22.169,Pleasant
Tiruppur,6,21.441999999999997,Pleasant
Davanagere,6,24.818999999999996,Pleasant
Kozhikode,6,27.265,Pleasant
Akola,6,23.29599999999998,Pleasant
Shimla,6,16.16099999999999,Cold
Mumbai,7,26.636666666666674,Pleasant
Delhi,7,20.758999999999997,Pleasant
Bengaluru,7,23.634999999999994,Pleasant
Ahmedabad,7,23.951999999999984,Pleasant
Hyderabad,7,24.987000000000016,Pleasant
Chennai,7,24.84400000000001,Pleasant
Kolkata,7,22.753,Pleasant
Pune,7,23.234000000000005,Pleasant
Jaipur,7,22.857000000000003,Pleasant
Surat,7,26.26200000000001,Pleasant
Lucknow,7,19.793999999999993,Cold
Kanpur,7,20.805999999999987,Pleasant
Nagpur,7,23.89999999999999,Pleasant
Patna,7,19.241,Cold
Indore,7,22.726,Pleasant
Thane,7,26.636666666666674,Pleasant
Bhopal,7,22.358999999999995,Pleasant
Visakhapatnam,7,24.401999999999983,Pleasant
Vadodara,7,24.890999999999984,Pleasant
Firozabad,7,19.490999999999993,Cold
Ludhiana,7,19.233999999999998,Cold
Rajkot,7,24.846999999999998,Pleasant
Agra,7,19.490999999999993,Cold
Siliguri,7,22.663999999999998,Pleasant
Nashik,7,23.831,Pleasant
Faridabad,7,20.758999999999997,Pleasant
Patiala,7,18.35799999999999,Cold
Meerut,7,18.913,Cold
Kalyan-Dombivli,7,26.636666666666674,Pleasant
Vasai-Virar,7,26.636666666666674,Pleasant
Varanasi,7,19.74,Cold
Srinagar,7,9.949000000000002,Cold
Dhanbad,7,23.310999999999986,Pleasant
Jodhpur,7,23.963999999999995,Pleasant
Amritsar,7,18.573999999999998,Cold
Raipur,7,22.558999999999997,Pleasant
Allahabad,7,20.622999999999983,Pleasant
Coimbatore,7,23.918000000000006,Pleasant
Jabalpur,7,21.63,Pleasant
Gwalior,7,20.671999999999983,Pleasant
Vijayawada,7,24.246000000000016,Pleasant
Madurai,7,24.832999999999984,Pleasant
Guwahati,7,22.614000000000004,Pleasant
Chandigarh,7,15.299999999999988,Cold
Amroha,7,19.569999999999997,Cold
Moradabad,7,19.587999999999997,Cold
Gurgaon,7,19.608999999999998,Cold
Aligarh,7,19.398999999999997,Cold
Solapur,7,25.399000000000015,Pleasant
Ranchi,7,19.768,Cold
Jalandhar,7,19.217999999999996,Cold
Tiruchirappalli,7,26.521,Pleasant
Bhubaneswar,7,23.95499999999999,Pleasant
Salem,7,24.699499999999997,Pleasant
Warangal,7,24.986000000000008,Pleasant
Thiruvananthapuram,7,27.27999999999999,Pleasant
Bhiwandi,7,26.636666666666674,Pleasant
Saharanpur,7,18.436,Cold
Guntur,7,24.368999999999996,Pleasant
Amravati,7,23.92499999999999,Pleasant
Bikaner,7,23.31199999999998,Pleasant
Noida,7,20.758999999999997,Pleasant
Jamshedpur,7,22.62,Pleasant
Bhilai,7,23.26599999999999,Pleasant
Cuttack,7,22.761,Pleasant
Firozpur,7,18.445999999999998,Cold
Kochi,7,26.833000000000002,Pleasant
Nellore,7,24.077999999999996,Pleasant
Bhavnagar,7,24.81699999999999,Pleasant
Dehradun,7,17.979999999999993,Cold
Durgapur,7,22.709,Pleasant
Asansol,7,23.305999999999987,Pleasant
Rourkela,7,22.639,Pleasant
Nanded,7,23.097999999999992,Pleasant
Kolhapur,7,24.023999999999997,Pleasant
Ajmer,7,22.661000000000005,Pleasant
Akola,7,23.31699999999998,Pleasant
Gulbarga,7,25.413999999999998,Pleasant
Jamnagar,7,25.063000000000006,Pleasant
Ujjain,7,22.696000000000005,Pleasant
Loni,7,23.92499999999999,Pleasant
Jhansi,7,21.43399999999999,Pleasant
Pondicherry,7,24.254000000000005,Pleasant
Nellore,7,24.077999999999996,Pleasant
Jammu,7,18.235999999999986,Cold
Belgaum,7,24.113999999999997,Pleasant
Mangalore,7,26.431000000000008,Pleasant
Tirunelveli,7,24.29900000000001,Pleasant
Malegaon,7,23.138999999999992,Pleasant
Gaya,7,19.226,Cold
Jalgaon,7,24.074,Pleasant
Udaipur,7,22.91600000000001,Pleasant
Maheshtala,7,22.732000000000003,Pleasant
Tiruppur,7,22.028999999999996,Pleasant
Davanagere,7,24.77599999999999,Pleasant
Kozhikode,7,27.395,Pleasant
Akola,7,23.31699999999998,Pleasant
Shimla,7,16.16099999999999,Cold
Mumbai,8,26.65066666666667,Pleasant
Delhi,8,19.85199999999999,Cold
Bengaluru,8,21.043999999999997,Pleasant
Ahmedabad,8,22.80999999999999,Pleasant
Hyderabad,8,22.15500000000001,Pleasant
Chennai,8,24.815000000000005,Pleasant
Kolkata,8,21.14899999999999,Pleasant
Pune,8,20.411000000000012,Pleasant
Jaipur,8,21.228000000000005,Pleasant
Surat,8,26.114000000000015,Pleasant
Lucknow,8,18.808999999999994,Cold
Kanpur,8,19.566999999999986,Cold
Nagpur,8,21.11000000000001,Pleasant
Patna,8,18.181999999999995,Cold
Indore,8,20.198000000000004,Pleasant
Thane,8,26.65066666666667,Pleasant
Bhopal,8,20.754999999999995,Pleasant
Visakhapatnam,8,23.699999999999996,Pleasant
Vadodara,8,23.872999999999994,Pleasant
Firozabad,8,19.01399999999999,Cold
Ludhiana,8,18.712999999999994,Cold
Rajkot,8,24.266000000000005,Pleasant
Agra,8,19.01399999999999,Cold
Siliguri,8,21.078999999999997,Pleasant
Nashik,8,20.92000000000001,Pleasant
Faridabad,8,19.85199999999999,Cold
Patiala,8,17.984999999999992,Cold
Meerut,8,18.442999999999998,Cold
Kalyan-Dombivli,8,26.65066666666667,Pleasant
Vasai-Virar,8,26.65066666666667,Pleasant
Varanasi,8,18.543999999999997,Cold
Srinagar,8,8.776,Cold
Dhanbad,8,20.630999999999993,Pleasant
Jodhpur,8,21.061000000000003,Pleasant
Amritsar,8,18.037,Cold
Raipur,8,21.061999999999998,Pleasant
Allahabad,8,19.799999999999983,Cold
Coimbatore,8,23.830000000000005,Pleasant
Jabalpur,8,20.171999999999993,Pleasant
Gwalior,8,19.355999999999984,Cold
Vijayawada,8,24.05800000000001,Pleasant
Madurai,8,24.861999999999984,Pleasant
Guwahati,8,21.007999999999996,Pleasant
Chandigarh,8,14.63399999999999,Cold
Amroha,8,19.034999999999993,Cold
Moradabad,8,19.052999999999994,Cold
Gurgaon,8,19.035999999999994,Cold
Aligarh,8,18.941999999999997,Cold
Solapur,8,25.121000000000013,Pleasant
Ranchi,8,19.436999999999994,Cold
Jalandhar,8,18.689999999999994,Cold
Tiruchirappalli,8,26.474,Pleasant
Bhubaneswar,8,21.127000000000006,Pleasant
Salem,8,24.509500000000003,Pleasant
Warangal,8,22.117000000000008,Pleasant
Thiruvananthapuram,8,27.313999999999986,Pleasant
Bhiwandi,8,26.65066666666667,Pleasant
Saharanpur,8,18.134999999999994,Cold
Guntur,8,24.046999999999997,Pleasant
Amravati,8,21.088000000000008,Pleasant
Bikaner,8,20.508999999999997,Pleasant
Noida,8,19.85199999999999,Cold
Jamshedpur,8,21.043000000000003,Pleasant
Bhilai,8,20.67699999999999,Pleasant
Cuttack,8,21.154999999999994,Pleasant
Firozpur,8,17.951999999999995,Cold
Kochi,8,26.797000000000004,Pleasant
Nellore,8,23.887499999999996,Pleasant
Bhavnagar,8,24.118,Pleasant
Dehradun,8,17.729999999999997,Cold
Durgapur,8,21.076999999999998,Pleasant
Asansol,8,20.630999999999993,Pleasant
Rourkela,8,21.059,Pleasant
Nanded,8,20.54499999999999,Pleasant
Kolhapur,8,21.29100000000001,Pleasant
Ajmer,8,21.131000000000004,Pleasant
Akola,8,20.582999999999988,Pleasant
Gulbarga,8,22.427000000000003,Pleasant
Jamnagar,8,22.17000000000001,Pleasant
Ujjain,8,21.073,Pleasant
Loni,8,21.088000000000008,Pleasant
Jhansi,8,20.113999999999994,Pleasant
Pondicherry,8,24.246000000000002,Pleasant
Nellore,8,23.887499999999996,Pleasant
Jammu,8,17.81899999999999,Cold
Belgaum,8,21.308000000000003,Pleasant
Mangalore,8,26.438000000000006,Pleasant
Tirunelveli,8,24.21900000000001,Pleasant
Malegaon,8,20.543999999999986,Pleasant
Gaya,8,18.735,Cold
Jalgaon,8,21.139000000000006,Pleasant
Udaipur,8,21.289000000000005,Pleasant
Maheshtala,8,21.12799999999999,Pleasant
Tiruppur,8,21.048999999999996,Pleasant
Davanagere,8,24.186999999999994,Pleasant
Kozhikode,8,27.401999999999997,Pleasant
Akola,8,20.582999999999988,Pleasant
Shimla,8,16.942999999999998,Cold
Mumbai,9,26.112666666666655,Pleasant
Delhi,9,15.360000000000005,Cold
Bengaluru,9,15.879999999999985,Cold
Ahmedabad,9,19.17399999999999,Cold
Hyderabad,9,17.621,Cold
Chennai,9,24.507000000000016,Pleasant
Kolkata,9,16.316999999999986,Cold
Pune,9,15.151000000000002,Cold
Jaipur,9,15.556000000000001,Cold
Surat,9,24.13500000000001,Pleasant
Lucknow,9,14.777000000000001,Cold
Kanpur,9,14.887999999999998,Cold
Nagpur,9,15.683,Cold
Patna,9,14.592,Cold
Indore,9,14.311000000000002,Cold
Thane,9,26.112666666666655,Pleasant
Bhopal,9,15.550000000000002,Cold
Visakhapatnam,9,20.772999999999996,Pleasant
Vadodara,9,20.095999999999993,Pleasant
Firozabad,9,15.284000000000006,Cold
Ludhiana,9,15.046000000000003,Cold
Rajkot,9,22.005000000000006,Pleasant
Agra,9,15.284000000000006,Cold
Siliguri,9,15.608999999999998,Cold
Nashik,9,15.275000000000002,Cold
Faridabad,9,15.360000000000005,Cold
Patiala,9,15.129000000000005,Cold
Meerut,9,14.68800000000001,Cold
Kalyan-Dombivli,9,26.112666666666655,Pleasant
Vasai-Virar,9,26.112666666666655,Pleasant
Varanasi,9,14.553999999999997,Cold
Srinagar,9,4.924,Cold
Dhanbad,9,15.283999999999994,Cold
Jodhpur,9,15.980999999999996,Cold
Amritsar,9,14.291000000000004,Cold
Raipur,9,15.817999999999994,Cold
Allahabad,9,15.394,Cold
Coimbatore,9,23.373000000000005,Pleasant
Jabalpur,9,14.889999999999993,Cold
Gwalior,9,14.644999999999998,Cold
Vijayawada,9,23.18400000000001,Pleasant
Madurai,9,24.592999999999993,Pleasant
Guwahati,9,15.913999999999989,Cold
Chandigarh,9,11.594,Cold
Amroha,9,15.220000000000004,Cold
Moradabad,9,15.247000000000003,Cold
Gurgaon,9,15.219999999999997,Cold
Aligarh,9,15.208000000000002,Cold
Solapur,9,23.186000000000007,Pleasant
Ranchi,9,16.070000000000004,Cold
Jalandhar,9,15.046000000000003,Cold
Tiruchirappalli,9,25.456000000000003,Pleasant
Bhubaneswar,9,16.089999999999996,Cold
Salem,9,23.096500000000002,Pleasant
Warangal,9,17.274,Cold
Thiruvananthapuram,9,26.3896,Pleasant
Bhiwandi,9,26.112666666666655,Pleasant
Saharanpur,9,15.02200000000001,Cold
Guntur,9,22.881999999999998,Pleasant
Amravati,9,15.622999999999996,Cold
Bikaner,9,15.156999999999993,Cold
Noida,9,15.360000000000005,Cold
Jamshedpur,9,15.707000000000003,Cold
Bhilai,9,15.187999999999997,Cold
Cuttack,9,15.834999999999981,Cold
Firozpur,9,14.427000000000003,Cold
Kochi,9,25.923000000000005,Pleasant
Nellore,9,22.9335,Pleasant
Bhavnagar,9,20.818,Pleasant
Dehradun,9,14.999000000000002,Cold
Durgapur,9,15.621000000000002,Cold
Asansol,9,15.283999999999994,Cold
Rourkela,9,15.221999999999998,Cold
Nanded,9,15.066999999999991,Cold
Kolhapur,9,16.211999999999993,Cold
Ajmer,9,15.660999999999994,Cold
Akola,9,15.193999999999992,Cold
Gulbarga,9,18.009000000000004,Cold
Jamnagar,9,17.348,Cold
Ujjain,9,15.152000000000001,Cold
Loni,9,15.622999999999996,Cold
Jhansi,9,14.868999999999998,Cold
Pondicherry,9,23.691000000000003,Pleasant
Nellore,9,22.9335,Pleasant
Jammu,9,14.362000000000005,Cold
Belgaum,9,16.379000000000005,Cold
Mangalore,9,25.647000000000002,Pleasant
Tirunelveli,9,23.985666666666667,Pleasant
Malegaon,9,15.212999999999997,Cold
Gaya,9,15.060000000000004,Cold
Jalgaon,9,15.54,Cold
Udaipur,9,15.749000000000008,Cold
Maheshtala,9,16.316999999999986,Cold
Tiruppur,9,17.180999999999987,Cold
Davanagere,9,22.225999999999996,Pleasant
Kozhikode,9,26.713600000000007,Pleasant
Akola,9,15.193999999999992,Cold
Shimla,9,16.736,Cold
Mumbai,10,24.407999999999998,Pleasant
Delhi,10,13.117000000000008,Cold
Bengaluru,10,14.688999999999979,Cold
Ahmedabad,10,17.56199999999999,Cold
Hyderabad,10,16.914999999999985,Cold
Chennai,10,22.351000000000003,Pleasant
Kolkata,10,14.025999999999984,Cold
Pune,10,13.677999999999988,Cold
Jaipur,10,13.271000000000004,Cold
Surat,10,19.927999999999994,Cold
Lucknow,10,12.467999999999996,Cold
Kanpur,10,12.007,Cold
Nagpur,10,14.22799999999999,Cold
Patna,10,12.473000000000004,Cold
Indore,10,12.164000000000005,Cold
Thane,10,24.407999999999998,Pleasant
Bhopal,10,13.270000000000003,Cold
Visakhapatnam,10,18.683999999999983,Cold
Vadodara,10,17.304999999999993,Cold
Firozabad,10,13.238000000000007,Cold
Ludhiana,10,13.156000000000008,Cold
Rajkot,10,18.34499999999999,Cold
Agra,10,13.245000000000006,Cold
Siliguri,10,13.206,Cold
Nashik,10,13.781999999999991,Cold
Faridabad,10,13.117000000000008,Cold
Patiala,10,13.588000000000006,Cold
Meerut,10,12.916000000000013,Cold
Kalyan-Dombivli,10,24.407999999999998,Pleasant
Vasai-Virar,10,24.407999999999998,Pleasant
Varanasi,10,12.005,Cold
Srinagar,10,3.0000000000000018,Cold
Dhanbad,10,13.706999999999992,Cold
Jodhpur,10,14.699999999999989,Cold
Amritsar,10,12.330000000000009,Cold
Raipur,10,13.577999999999998,Cold
Allahabad,10,12.816,Cold
Coimbatore,10,22.051000000000002,Pleasant
Jabalpur,10,12.475000000000001,Cold
Gwalior,10,11.860000000000003,Cold
Vijayawada,10,21.18399999999999,Pleasant
Madurai,10,23.103583333333336,Pleasant
Guwahati,10,13.694999999999988,Cold
Chandigarh,10,9.751999999999995,Cold
Amroha,10,13.222999999999999,Cold
Moradabad,10,13.232000000000001,Cold
Gurgaon,10,13.181000000000004,Cold
Aligarh,10,13.263000000000007,Cold
Solapur,10,19.599,Cold
Ranchi,10,14.504000000000001,Cold
Jalandhar,10,13.158000000000007,Cold
Tiruchirappalli,10,23.369000000000014,Pleasant
Bhubaneswar,10,14.68099999999999,Cold
Salem,10,19.61499999999999,Cold
Warangal,10,16.62099999999999,Cold
Thiruvananthapuram,10,24.090000000000014,Pleasant
Bhiwandi,10,24.407999999999998,Pleasant
Saharanpur,10,13.565000000000008,Cold
Guntur,10,21.13499999999999,Pleasant
Amravati,10,14.182999999999991,Cold
Bikaner,10,13.64599999999999,Cold
Noida,10,13.117000000000008,Cold
Jamshedpur,10,13.360000000000005,Cold
Bhilai,10,13.436999999999996,Cold
Cuttack,10,13.646999999999984,Cold
Firozpur,10,12.522000000000007,Cold
Kochi,10,24.051000000000002,Pleasant
Nellore,10,21.6225,Pleasant
Bhavnagar,10,18.064999999999987,Cold
Dehradun,10,13.559000000000003,Cold
Durgapur,10,13.226000000000006,Cold
Asansol,10,13.706999999999992,Cold
Rourkela,10,12.842000000000006,Cold
Nanded,10,13.328999999999997,Cold
Kolhapur,10,14.869999999999989,Cold
Ajmer,10,13.406999999999996,Cold
Akola,10,13.608999999999988,Cold
Gulbarga,10,17.344999999999995,Cold
Jamnagar,10,16.696999999999992,Cold
Ujjain,10,12.712000000000005,Cold
Loni,10,14.182999999999991,Cold
Jhansi,10,12.356000000000002,Cold
Pondicherry,10,22.21,Pleasant
Nellore,10,21.6225,Pleasant
Jammu,10,12.25100000000001,Cold
Belgaum,10,15.244999999999997,Cold
Mangalore,10,23.077,Pleasant
Tirunelveli,10,22.132999999999996,Pleasant
Malegaon,10,13.495999999999992,Cold
Gaya,10,13.158000000000007,Cold
Jalgaon,10,14.02299999999999,Cold
Udaipur,10,13.416000000000006,Cold
Maheshtala,10,14.025999999999984,Cold
Tiruppur,10,15.529999999999987,Cold
Davanagere,10,19.53399999999999,Cold
Kozhikode,10,24.712000000000003,Pleasant
Akola,10,13.608999999999988,Cold
Shimla,10,17.581,Cold
Mumbai,11,25.085333333333324,Pleasant
Delhi,11,13.450000000000006,Cold
Bengaluru,11,14.68799999999998,Cold
Ahmedabad,11,17.821999999999992,Cold
Hyderabad,11,16.885999999999985,Cold
Chennai,11,22.627,Pleasant
Kolkata,11,14.021999999999984,Cold
Pune,11,13.703999999999986,Cold
Jaipur,11,13.297000000000002,Cold
Surat,11,20.601000000000003,Pleasant
Lucknow,11,12.658999999999999,Cold
Kanpur,11,12.02,Cold
Nagpur,11,14.226999999999991,Cold
Patna,11,12.470000000000002,Cold
Indore,11,12.383000000000004,Cold
Thane,11,25.085333333333324,Pleasant
Bhopal,11,13.469000000000001,Cold
Visakhapatnam,11,18.643999999999984,Cold
Vadodara,11,17.47499999999999,Cold
Firozabad,11,13.527000000000005,Cold
Ludhiana,11,13.422000000000008,Cold
Rajkot,11,18.772999999999996,Cold
Agra,11,13.534000000000006,Cold
Siliguri,11,13.21,Cold
Nashik,11,13.780999999999992,Cold
Faridabad,11,13.450000000000006,Cold
Patiala,11,13.869000000000005,Cold
Meerut,11,13.19700000000001,Cold
Kalyan-Dombivli,11,25.085333333333324,Pleasant
Vasai-Virar,11,25.085333333333324,Pleasant
Varanasi,11,12.001999999999999,Cold
Srinagar,11,3.0000000000000018,Cold
Dhanbad,11,13.73899999999999,Cold
Jodhpur,11,14.724999999999989,Cold
Amritsar,11,12.588000000000006,Cold
Raipur,11,13.580999999999996,Cold
Allahabad,11,12.925,Cold
Coimbatore,11,22.416999999999998,Pleasant
Jabalpur,11,12.680000000000001,Cold
Gwalior,11,11.873000000000001,Cold
Vijayawada,11,21.21599999999999,Pleasant
Madurai,11,23.251583333333336,Pleasant
Guwahati,11,13.696999999999989,Cold
Chandigarh,11,9.964999999999995,Cold
Amroha,11,13.329999999999998,Cold
Moradabad,11,13.332,Cold
Gurgaon,11,13.470000000000002,Cold
Aligarh,11,13.551000000000005,Cold
Solapur,11,19.741999999999997,Cold
Ranchi,11,14.805,Cold
Jalandhar,11,13.424000000000008,Cold
Tiruchirappalli,11,24.448,Pleasant
Bhubaneswar,11,14.67799999999999,Cold
Salem,11,20.847999999999992,Pleasant
Warangal,11,16.591999999999988,Cold
Thiruvananthapuram,11,25.76000000000001,Pleasant
Bhiwandi,11,25.085333333333324,Pleasant
Saharanpur,11,13.851000000000008,Cold
Guntur,11,20.87399999999999,Pleasant
Amravati,11,14.182999999999991,Cold
Bikaner,11,13.653999999999991,Cold
Noida,11,13.450000000000006,Cold
Jamshedpur,11,13.361000000000004,Cold
Bhilai,11,13.441999999999997,Cold
Cuttack,11,13.633999999999984,Cold
Firozpur,11,12.813000000000006,Cold
Kochi,11,25.306999999999988,Pleasant
Nellore,11,21.27049999999999,Pleasant
Bhavnagar,11,18.316999999999993,Cold
Dehradun,11,13.845000000000004,Cold
Durgapur,11,13.223000000000004,Cold
Asansol,11,13.73899999999999,Cold
Rourkela,11,12.874000000000006,Cold
Nanded,11,13.330999999999996,Cold
Kolhapur,11,14.866999999999988,Cold
Ajmer,11,13.411999999999995,Cold
Akola,11,13.618999999999987,Cold
Gulbarga,11,17.326999999999995,Cold
Jamnagar,11,16.676999999999992,Cold
Ujjain,11,12.744000000000005,Cold
Loni,11,14.182999999999991,Cold
Jhansi,11,12.385000000000002,Cold
Pondicherry,11,22.479,Pleasant
Nellore,11,21.27049999999999,Pleasant
Jammu,11,12.592000000000008,Cold
Belgaum,11,15.243999999999998,Cold
Mangalore,11,23.325999999999993,Pleasant
Tirunelveli,11,22.436749999999993,Pleasant
Malegaon,11,13.511999999999993,Cold
Gaya,11,13.424000000000008,Cold
Jalgaon,11,14.02299999999999,Cold
Udaipur,11,13.419000000000006,Cold
Maheshtala,11,14.021999999999984,Cold
Tiruppur,11,15.491999999999985,Cold
Davanagere,11,20.70099999999999,Pleasant
Kozhikode,11,25.892999999999994,Pleasant
Akola,11,13.618999999999987,Cold
Shimla,11,17.791999999999998,Cold
Mumbai,12,25.931833333333348,Pleasant
Delhi,12,13.676000000000013,Cold
Bengaluru,12,20.551000000000013,Pleasant
Ahmedabad,12,21.27,Pleasant
Hyderabad,12,21.46833333333333,Pleasant
Chennai,12,24.247966666666652,Pleasant
Kolkata,12,19.28600000000001,Cold
Pune,12,18.231999999999992,Cold
Jaipur,12,15.454000000000002,Cold
Surat,12,22.94383333333333,Pleasant
Lucknow,12,14.42900000000001,Cold
Kanpur,12,14.803000000000006,Cold
Nagpur,12,19.443000000000012,Cold
Patna,12,14.836000000000006,Cold
Indore,12,14.489,Cold
Thane,12,25.931833333333348,Pleasant
Bhopal,12,15.415000000000004,Cold
Visakhapatnam,12,22.097999999999992,Pleasant
Vadodara,12,21.352999999999984,Pleasant
Firozabad,12,13.614000000000006,Cold
Ludhiana,12,13.057000000000007,Cold
Rajkot,12,21.342666666666652,Pleasant
Agra,12,13.622000000000005,Cold
Siliguri,12,17.303000000000008,Cold
Nashik,12,19.339000000000013,Cold
Faridabad,12,13.684000000000012,Cold
Patiala,12,13.540000000000004,Cold
Meerut,12,12.93400000000001,Cold
Kalyan-Dombivli,12,25.931833333333348,Pleasant
Vasai-Virar,12,25.931833333333348,Pleasant
Varanasi,12,14.776000000000005,Cold
Srinagar,12,2.8720000000000003,Cold
Dhanbad,12,17.999999999999996,Cold
Jodhpur,12,18.887,Cold
Amritsar,12,12.052000000000003,Cold
Raipur,12,16.999999999999993,Cold
Allahabad,12,14.383000000000008,Cold
Coimbatore,12,23.536000000000005,Pleasant
Jabalpur,12,14.894000000000004,Cold
Gwalior,12,14.57900000000001,Cold
Vijayawada,12,23.006999999999994,Pleasant
Madurai,12,25.164999999999996,Pleasant
Guwahati,12,18.78699999999999,Cold
Chandigarh,12,9.780999999999993,Cold
Amroha,12,13.907000000000005,Cold
Moradabad,12,13.900000000000007,Cold
Gurgaon,12,13.433,Cold
Aligarh,12,13.529000000000002,Cold
Solapur,12,22.654999999999983,Pleasant
Ranchi,12,14.187000000000001,Cold
Jalandhar,12,13.051000000000009,Cold
Tiruchirappalli,12,25.249000000000006,Pleasant
Bhubaneswar,12,19.868000000000006,Cold
Salem,12,23.277000000000008,Pleasant
Warangal,12,21.07099999999999,Pleasant
Thiruvananthapuram,12,26.894000000000005,Pleasant
Bhiwandi,12,25.931833333333348,Pleasant
Saharanpur,12,13.149000000000008,Cold
Guntur,12,22.072000000000003,Pleasant
Amravati,12,19.726000000000003,Cold
Bikaner,12,17.439999999999998,Cold
Noida,12,13.676000000000013,Cold
Jamshedpur,12,16.775,Cold
Bhilai,12,17.31,Cold
Cuttack,12,19.732000000000017,Cold
Firozpur,12,12.712000000000005,Cold
Kochi,12,25.864166666666666,Pleasant
Nellore,12,22.163999999999998,Pleasant
Bhavnagar,12,21.62779999999999,Pleasant
Dehradun,12,13.535,Cold
Durgapur,12,16.656,Cold
Asansol,12,18.123999999999995,Cold
Rourkela,12,15.382999999999992,Cold
Nanded,12,16.720000000000002,Cold
Kolhapur,12,20.55799999999999,Pleasant
Ajmer,12,17.252000000000006,Cold
Akola,12,18.086999999999993,Cold
Gulbarga,12,21.75133333333335,Pleasant
Jamnagar,12,20.81699999999999,Pleasant
Ujjain,12,15.219,Cold
Loni,12,19.726000000000003,Cold
Jhansi,12,15.165000000000004,Cold
Pondicherry,12,24.10701666666665,Pleasant
Nellore,12,22.163999999999998,Pleasant
Jammu,12,12.342000000000006,Cold
Belgaum,12,20.684499999999986,Pleasant
Mangalore,12,25.656000000000002,Pleasant
Tirunelveli,12,24.306916666666655,Pleasant
Malegaon,12,17.456000000000007,Cold
Gaya,12,13.067000000000007,Cold
Jalgaon,12,20.058333333333334,Pleasant
Udaipur,12,16.406000000000002,Cold
Maheshtala,12,19.30300000000001,Cold
Tiruppur,12,18.258,Cold
Davanagere,12,22.27383333333333,Pleasant
Kozhikode,12,27.17400000000002,Pleasant
Akola,12,18.086999999999993,Cold
Shimla,12,16.94799999999999,Cold
